report,element_count,community_count,entropy,opportunity_type,top_communities,impact_score
Report 12,21,4,1.4079824483474697,splitting,"{3: 12, 4: 7, 0: 1}",2.9567631415296862
Report 10,14,4,1.863120568566631,splitting,"{4: 5, 3: 5, 1: 2}",2.6083687959932833
Report 5,12,5,1.9591479170272446,splitting,"{3: 6, 1: 2, 4: 2}",2.3509775004326934
Report 20,13,4,1.7758589482446405,splitting,"{4: 6, 1: 3, 3: 3}",2.3086166327180324
Report 4,15,3,1.5058231002082845,splitting,"{4: 7, 3: 5, 1: 3}",2.2587346503124266
Report 8,14,3,1.41379956460568,splitting,"{4: 8, 1: 3, 3: 3}",1.979319390447952
Report 2,11,4,1.789929075309999,splitting,"{4: 5, 3: 3, 1: 2}",1.968921982840999
Report 7,9,3,1.5304930567574824,splitting,"{3: 4, 4: 3, 1: 2}",1.3774437510817341
