report,element_count,community_count,entropy,opportunity_type,top_communities,impact_score
Report 19,21,5,1.8454629725233305,splitting,"{4: 10, 3: 6, 2: 3}",3.8754722422989945
Report 10,14,5,2.0059777114237742,splitting,"{4: 5, 3: 5, 1: 2}",2.808368795993284
Report 20,13,4,1.9877733714879842,splitting,"{4: 4, 0: 3, 2: 3}",2.5841053829343794
Report 8,14,4,1.7783283537314114,splitting,"{4: 7, 3: 3, 0: 2}",2.4896596952239762
Report 5,12,5,1.9591479170272446,splitting,"{3: 6, 0: 2, 4: 2}",2.3509775004326934
Report 4,15,3,1.5655962303576019,splitting,"{4: 6, 3: 5, 2: 4}",2.348394345536403
Report 2,11,4,1.9808259362290785,splitting,"{2: 3, 3: 3, 4: 3}",2.1789085298519866
Report 6,12,3,1.3250112108241772,splitting,"{4: 6, 3: 5, 2: 1}",1.5900134529890126
Report 7,9,4,1.6577427265048887,splitting,"{3: 5, 4: 2, 2: 1}",1.4919684538543998
