,strong_members_count,strong_members,weighted_size,avg_membership_strength
0,4,"dbo.Table10.att_9, dbo.Table3.att_4, dbo.Table8.att_10, dbo.Table9.att_1",15.582400192867532,0.2023688336736043
1,2,"dbo.Table2.att_13, dbo.Table7.att_12",6.714465961097979,0.08720085663763609
2,3,"dbo.Table8.att_13, dbo.Table8.att_17, dbo.Table9.att_14",5.782998846000887,0.07510388111689464
3,4,"dbo.Table3.att_3, dbo.Table5.att_11, dbo.Table8.att_15, dbo.Table9.att_5",9.18223862975531,0.11924985233448454
4,2,"dbo.Table6.att_20, dbo.Table7.att_13",5.204555653953787,0.0675916318695297
5,0,,13.632372875807802,0.1770438035819195
6,3,"dbo.Table3.att_2, dbo.Table4.att_4, dbo.Table9.att_9",8.549545327278171,0.1110330561984178
7,2,"dbo.Table3.att_16, dbo.Table8.att_20",12.35142251323854,0.1604080845875135
