report,element_count,community_count,entropy,opportunity_type,top_communities,impact_score
Report 19,21,3,1.4607210985246075,splitting,"{1: 11, 0: 6, 2: 4}",3.0675143069016757
Report 10,14,3,1.5566567074628228,splitting,"{0: 6, 1: 4, 2: 4}",2.1793193904479518
Report 5,12,3,1.5545851693377997,splitting,"{0: 5, 2: 4, 1: 3}",1.8655022032053594
Report 20,13,3,1.419556298571613,splitting,"{1: 7, 0: 4, 2: 2}",1.8454231881430971
Report 18,14,3,1.2638091738835462,splitting,"{0: 8, 2: 5, 1: 1}",1.7693328434369646
Report 1,11,3,1.4949188482339508,splitting,"{0: 5, 1: 4, 2: 2}",1.6444107330573459
Report 6,12,3,1.3250112108241772,splitting,"{1: 6, 0: 5, 2: 1}",1.5900134529890126
Report 2,11,3,1.3221793455166666,splitting,"{1: 6, 0: 4, 2: 1}",1.4543972800683334
Report 7,9,3,1.3921472236645345,splitting,"{0: 4, 1: 4, 2: 1}",1.252932501298081
