report,element_count,community_count,entropy,opportunity_type,top_communities,impact_score
Report 19,21,5,1.9735561123277499,splitting,"{2: 9, 3: 6, 1: 3}",4.144467835888275
Report 10,14,5,2.005977711423774,splitting,"{2: 5, 3: 5, 1: 2}",2.808368795993283
Report 8,14,4,1.7884504573082896,splitting,"{2: 6, 1: 4, 3: 3}",2.5038306402316053
Report 20,13,4,1.8262452584026092,splitting,"{1: 5, 2: 4, 3: 3}",2.374118835923392
Report 5,12,5,1.9591479170272446,splitting,"{3: 6, 1: 2, 2: 2}",2.3509775004326934
Report 4,15,3,1.5655962303576019,splitting,"{2: 6, 3: 5, 1: 4}",2.348394345536403
Report 2,11,4,1.867633890971212,splitting,"{1: 4, 3: 3, 2: 3}",2.054397280068333
Report 6,12,3,1.3250112108241772,splitting,"{2: 6, 3: 5, 1: 1}",1.5900134529890126
Report 7,9,3,1.4355205042826666,splitting,"{3: 5, 2: 2, 1: 2}",1.2919684538544
