combination_id,community_algorithm,community_resolution,min_pattern_frequency,quality_weight_coverage,quality_weight_redundancy,num_communities,avg_community_size,avg_affinity_score,coverage_ratio,weighted_coverage,redundancy_score,quality_score
1,label_propagation,0.5,2.0,0.6,0.3,1,77.0,0.031801093643198906,1.0,1.0,0.0,0.6031801093643199
2,greedy_modularity,2.0,3.0,0.3,0.4,3,25.666666666666668,0.04350732895660433,0.37790697674418605,0.3875685557586837,0.0,0.1293227654145864
3,greedy_modularity,0.5,2.0,0.6,0.5,3,25.666666666666668,0.04350732895660433,0.20339805825242718,0.2128151746472357,0.0,0.12333837189268099
4,greedy_modularity,1.5,2.0,0.4,0.5,3,25.666666666666668,0.04350732895660433,0.20339805825242718,0.2128151746472357,0.0,0.08947680275455472
5,greedy_modularity,0.5,2.0,0.3,0.4,3,25.666666666666668,0.04350732895660433,0.20339805825242718,0.2128151746472357,0.0,0.076896751081152
6,greedy_modularity,2.0,3.0,0.4,0.3,3,25.666666666666668,0.04350732895660433,0.37790697674418605,0.3875685557586837,0.0,0.1680796209904548
7,greedy_modularity,0.8,4.0,0.4,0.5,3,25.666666666666668,0.04350732895660433,0.5357142857142857,0.5391304347826087,0.0,0.2200029068087039
