report,element_count,community_count,entropy,opportunity_type,top_communities,impact_score
Report 12,21,3,1.5190461643198376,splitting,"{2: 10, 1: 6, 0: 5}",3.189996945071659
Report 5,12,4,1.8553885422075338,splitting,"{0: 4, 2: 4, 1: 3}",2.2264662506490405
Report 14,11,4,1.9362600275315274,splitting,"{4: 4, 1: 3, 2: 2}",2.12988603028468
Report 10,14,3,1.4315602842833155,splitting,"{2: 7, 1: 5, 0: 2}",2.0041843979966414
Report 17,16,3,1.2475562489182659,splitting,"{0: 9, 1: 6, 2: 1}",1.9960899982692255
Report 6,12,3,1.4591479170272446,splitting,"{0: 6, 1: 4, 2: 2}",1.7509775004326933
Report 7,9,3,1.4355205042826666,splitting,"{0: 5, 2: 2, 3: 2}",1.2919684538544
