report,element_count,community_count,entropy,opportunity_type,top_communities,impact_score
Report 9,14,3,1.2638091738835462,splitting,"{2: 8, 0: 5, 1: 1}",1.7693328434369646
Report 5,12,3,1.2806721295208872,splitting,"{0: 7, 2: 4, 1: 1}",1.5368065554250645
Report 7,9,3,1.3921472236645345,splitting,"{0: 4, 1: 4, 2: 1}",1.252932501298081
