report,element_count,community_count,entropy,opportunity_type,top_communities,impact_score
Report 8,14,3,1.2638091738835462,splitting,"{0: 8, 2: 5, 1: 1}",1.7693328434369646
Report 5,12,3,1.384431504340598,splitting,"{2: 7, 0: 3, 1: 2}",1.6613178052087174
Report 14,11,3,1.4949188482339508,splitting,"{2: 5, 1: 4, 0: 2}",1.6444107330573459
Report 7,9,3,1.5304930567574826,splitting,"{1: 4, 0: 3, 2: 2}",1.3774437510817343
