report,element_count,community_count,entropy,opportunity_type,top_communities,impact_score
Report 19,21,3,1.4937095464322434,splitting,"{0: 10, 1: 7, 2: 4}",3.136790047507711
Report 12,21,3,1.221694907636328,splitting,"{2: 11, 1: 9, 0: 1}",2.5655593060362887
Report 4,15,3,1.456564762130954,splitting,"{0: 8, 2: 4, 1: 3}",2.184847143196431
Report 10,14,3,1.41379956460568,splitting,"{1: 8, 0: 3, 2: 3}",1.979319390447952
Report 20,13,3,1.4572659136233872,splitting,"{0: 7, 1: 3, 2: 3}",1.8944456877104034
Report 6,12,3,1.5545851693377997,splitting,"{2: 5, 1: 4, 0: 3}",1.8655022032053594
Report 18,14,3,1.2958363892911637,splitting,"{1: 7, 2: 6, 0: 1}",1.814170945007629
Report 5,12,3,1.4591479170272448,splitting,"{1: 6, 0: 4, 2: 2}",1.7509775004326937
Report 1,11,3,1.4949188482339508,splitting,"{0: 5, 2: 4, 1: 2}",1.6444107330573459
