report,element_count,community_count,entropy,opportunity_type,top_communities,impact_score
Report 12,21,3,1.3421389558735095,splitting,"{2: 11, 0: 8, 3: 2}",2.81849180733437
Report 5,12,4,1.855388542207534,splitting,"{0: 4, 2: 4, 3: 3}",2.226466250649041
Report 18,14,3,1.5774062828523454,splitting,"{3: 5, 2: 5, 0: 4}",2.2083687959932834
Report 14,11,4,1.867633890971212,splitting,"{1: 4, 0: 3, 2: 3}",2.054397280068333
Report 17,16,3,1.271782221599798,splitting,"{0: 8, 2: 7, 3: 1}",2.034851554559677
Report 3,13,3,1.419556298571613,splitting,"{0: 7, 2: 4, 3: 2}",1.8454231881430971
Report 10,14,3,1.2638091738835462,splitting,"{3: 8, 2: 5, 0: 1}",1.7693328434369646
