report,element_count,community_count,entropy,opportunity_type,top_communities,impact_score
Report 12,21,3,1.2285763800288914,splitting,"{0: 10, 3: 10, 2: 1}",2.5800103980606717
Report 18,14,3,1.5566567074628228,splitting,"{3: 6, 2: 4, 0: 4}",2.1793193904479518
Report 9,14,3,1.3787834934861753,splitting,"{0: 8, 3: 4, 2: 2}",1.9302968908806455
Report 10,14,3,1.2638091738835462,splitting,"{2: 8, 3: 5, 0: 1}",1.7693328434369646
Report 5,12,3,1.384431504340598,splitting,"{3: 7, 2: 3, 0: 2}",1.6613178052087174
Report 7,9,4,1.836591668108979,splitting,"{3: 4, 0: 2, 1: 2}",1.652932501298081
